country_code,country,year,gdp_per_capita_constant_2015_usd,gdp_growth_annual_pct,adjusted_inflation_annual_pct,adjusted_unemployment_total_pct_ilo_estimate,life_expectancy_years,adjusted_infant_mortality_per_1000_live_births,secondary_school_enrollment_gross_pct,access_to_electricity_pct_population,individuals_using_internet_pct_population,trade_pct_gdp,PC1,PC2,PC3
BGD,Bangladesh,2010,943.66422864236,5.57178818533122,-8.12667639169917,-3.379,68.009,-36.8,49.5031106793162,55.3,3.700000048,37.8028426708321,-5.62573039204665,1.0835043141654872,0.27659399279957997
BGD,Bangladesh,2011,995.579947155662,6.46437912497728,-11.3951651552399,-3.737,68.499,-35.3,49.7515496494472,59.6,4.5,47.4208498356898,-5.24981985490844,1.1991211426619803,0.6988721214833664
BGD,Bangladesh,2012,1050.39140404066,6.52145877906443,-6.21750422069283,-4.07,68.989,-33.9,51.6718482971191,65.5,5.0,48.1109227490467,-4.800961965106738,1.368398159375545,0.23944581146714405
BGD,Bangladesh,2013,1103.15695907123,6.01360565834344,-7.53040640913172,-4.426,69.487,-32.6,55.6214332189314,61.5,6.63,46.2964027228174,-4.7530603216482765,1.1292624938631932,0.3024104418280158
BGD,Bangladesh,2014,1159.40753475981,6.0610593588495,-6.99163889220848,-4.417,70.016,-31.2,57.52158735226355,62.4,9.052900314,44.5140801968096,-4.506832565011584,1.1246025963897466,0.28912117944500343
BGD,Bangladesh,2015,1224.38647668165,6.55263987816197,-6.19428022984983,-4.397,70.543,-29.8,59.4217414855957,74.0,12.36880016,42.0859963070382,-3.754616095668053,1.2419722328087597,0.36834139581087316
BGD,Bangladesh,2016,1299.83091360792,7.11347821270093,-5.51352572692995,-4.35,71.075,-28.5,64.1664546117285,75.9,16.89909935,31.3341501346142,-3.4249982841918087,1.145327069790245,0.48463182334300275
BGD,Bangladesh,2017,1373.75363740186,6.59024999794057,-5.70207015717238,-4.372,71.606,-27.3,62.3408639225315,88.0,21.5,29.9997306724343,-2.684869735274217,1.211997702117444,0.4930111459758477
BGD,Bangladesh,2018,1462.25050255713,7.31941263014136,-5.54362139486476,-4.439,72.122,-26.2,65.2714888764112,86.9,25.56509972,32.5146317240884,-2.4937460620745293,1.2357589632620043,0.5711468511877009
BGD,Bangladesh,2019,1564.20802445636,7.88191515117722,-5.59199639930629,-4.504,72.625,-25.4,65.1185413488915,92.2,30.38310051,31.5780544912404,-2.083456779842444,1.323713884198923,0.6963651375432515
BGD,Bangladesh,2020,1604.6659234742,3.44801755122445,-5.69107474746211,-5.539,71.421,-24.8,66.4329548486639,96.2,36.10910034,26.271447376215,-1.7763180427425427,0.551034090632931,-0.0059334758334625235
BGD,Bangladesh,2021,1702.08028414189,6.93867912442445,-5.54565430773473,-5.457,71.103,-24.5,66.8282318620991,99.0,38.91744466,27.7240047036631,-1.6795621549157902,0.9256656258178275,0.4886347587301897
BGD,Bangladesh,2022,1804.3493461776,7.09982877575158,-7.69695437176898,-4.593,74.265,-24.4,67.0384586440383,99.4,41.61650085,33.7799672705735,-1.2365762306883914,1.1993340360720208,0.832444160165739
BGD,Bangladesh,2023,1885.37733613545,5.77511237007889,-9.8835030377921,-3.352,74.672,-24.4,65.9856598598849,99.5,44.50274195,30.9829714104596,-1.1114377098109995,1.1024426128289793,0.8838114941097883
BRA,Brazil,2010,8792.63334959864,7.52822581812151,-5.03872690108074,-8.42,73.779,-16.0,94.5829467773438,98.6,40.65,22.7721781132208,0.3492170487727075,-0.21949990532763275,0.979608997852495
BRA,Brazil,2011,9067.99212019529,3.97442307944702,-6.6364496221309,-7.578,74.047,-15.3,94.5829467773438,99.3,45.69,23.9344051765103,0.6802995993160116,-0.6121781083892448,0.5918449997868218
BRA,Brazil,2012,9167.49818450433,1.92117598509462,-5.40349914036997,-7.251,74.335,-14.8,94.5829467773438,99.5,48.56,25.1142736103322,0.870745860683498,-0.7731460579717435,0.15334956579806688
BRA,Brazil,2013,9366.73824670239,3.0048226702888,-6.204310666401,-7.071,74.609,-14.4,104.086219787598,99.6,51.04,25.7859573281452,1.174075272930304,-0.9138349695991128,0.4051391539838746
BRA,Brazil,2014,9338.34170840985,0.503955740273241,-6.32904015516138,-6.755,74.823,-14.0,102.780311584473,99.7,54.5510018796392,24.685405813292,1.3166457225791057,-1.1528759801566457,0.03652255700154393
BRA,Brazil,2015,8936.1955889444,-3.54576339347278,-9.02990102416136,-8.538,75.106,-13.7,101.086227416992,99.7,58.3279517340924,26.9536259372369,1.4356120327692603,-1.7658937631502676,-0.36822606260219753
BRA,Brazil,2016,8577.84277969667,-3.2759169063211,-8.73914352329393,-11.58,75.081,-14.6,102.692901611328,99.7,60.8725400681261,24.5336820770756,1.3518861986080832,-2.0703563512986523,-0.3840029225602115
BRA,Brazil,2017,8628.25209645723,1.32286905390815,-3.44637335032669,-12.792,75.383,-13.3,102.989486694336,99.8,67.4712845236305,24.3197343741684,1.425806846472611,-1.5395239630792306,-0.22774880427962027
BRA,Brazil,2018,8722.33529970988,1.78366676137003,-3.66485028376728,-12.329,75.633,-13.1,104.818481445312,99.7,70.4342825404361,28.876203376153,1.575950719357173,-1.4792954130277067,-0.16765905976574108
BRA,Brazil,2019,8771.43950372603,1.22077782271943,-3.73297621216893,-11.936,75.809,-12.9,103.667556762695,99.8,73.9124399133589,28.8902578697354,1.669890561697492,-1.4975831190772915,-0.25200919301921804
BRA,Brazil,2020,8435.01046209185,-3.27675879612903,-3.21176803803376,-13.697,74.506,-12.8,103.882659912109,99.7,81.34269353,32.3020785443492,1.7430256995694446,-2.2616180742218304,-1.14622664446426
BRA,Brazil,2021,8799.22844579944,4.7626043797061,-8.30165975585673,-13.158,73.038,-12.7,106.298461914062,99.5,80.68989314,37.6563307592575,1.4971583452783714,-1.6037257718983151,0.49175313337104776
BRA,Brazil,2022,9032.08377657776,3.01669435408112,-9.28010608956872,-9.231,74.872,-12.6,105.702369689941,100.0,80.52775094,38.8160659764321,1.8406991098908407,-1.3324193862064584,0.44018235309585013
BRA,Brazil,2023,9288.02594608687,3.24165532813583,-4.59356282283203,-7.947,75.848,-12.4,105.702369689941,99.8,84.15060238,33.6662298301284,2.014312448875107,-1.0745528260380892,0.09948422306954932
CHN,China,2010,5764.86534987407,10.5962719761682,-3.17532475269199,-4.53,75.668,-12.4,90.7829173331445,99.7,34.3,49.8540722338977,0.36633366929150846,1.2828425298128656,1.0697341054606733
CHN,China,2011,6275.90956436258,9.4613358870736,-5.55389892257493,-4.55,75.889,-11.4,92.0329425203903,99.9,38.3,49.9458272253643,0.6352085153599545,1.012333853903808,1.1426899670892954
CHN,China,2012,6723.19443752823,7.85617427055587,-2.6195243264554,-4.58,76.2,-10.5,92.2603063015232,99.9,42.30009842,47.4802130784317,0.8638957348198115,0.857530186412757,0.6401798091233135
CHN,China,2013,7198.06876478162,7.77872409446717,-2.62105001748114,-4.6,76.452,-9.7,92.2603063015232,100.0,45.79999924,45.9160413795571,1.0414095666690124,0.8011073362478827,0.6551265673192401
CHN,China,2014,7686.57792954381,7.46190028229434,-1.9216416278852,-4.63,76.714,-8.9,92.2603063015232,100.0,47.90000153,44.0684564812532,1.1973754702262835,0.7465768520720477,0.574465626065928
CHN,China,2015,8175.33285077393,6.97878002657477,-1.43702380935654,-4.65,76.975,-8.2,92.2603063015232,100.0,50.29999924,38.6971848362625,1.3400725415687993,0.6371067323702699,0.5155135131429552
CHN,China,2016,8679.37704460133,6.77555562837017,-2.00000182191943,-4.56,77.214,-7.6,92.2603063015232,100.0,53.2,36.177170692978,1.495226636208513,0.5518953550231045,0.5782921211889956
CHN,China,2017,9221.51403820573,6.8912663621211,-1.59313600071435,-4.47,77.235,-7.0,92.2603063015232,100.0,54.3,36.95085261586,1.6098225701147635,0.5535842490840717,0.5688698299640754
CHN,China,2018,9798.6528523316,6.75671800166833,-2.07479039965576,-4.31,77.709,-6.4,92.2603063015232,100.0,65.35839844,36.8943843914718,1.9462529598740361,0.4426549421653061,0.5876656066173952
CHN,China,2019,10356.4804194995,6.06850235053705,-2.89923416358226,-4.56,77.94,-6.0,92.2603063015232,100.0,64.080881297515,35.1994202738836,2.0373844303794884,0.30180269348059147,0.6178035200339002
CHN,China,2020,10573.6420059282,2.34018843078414,-2.41942189457782,-5.0,78.019,-5.5,92.2603063015232,100.0,70.05275998,34.0389507864581,2.2844384485547815,-0.20757248354086769,-0.010977733336620646
CHN,China,2021,11469.5707134928,8.57008513166322,-0.981015135544881,-4.55,78.117,-5.1,92.2603063015232,100.0,73.05323517,36.5206911762676,2.3150499634365866,0.5193441105206604,0.8104741692816181
CHN,China,2022,11830.5983703496,3.1341888719577,-1.9735755573905,-4.98,78.202,-4.8,92.2603063015232,100.0,75.61131603,37.440719876366,2.569348496876897,-0.1895651150873984,0.07480014259258289
CHN,China,2023,12484.1578844175,5.41484330099675,-0.23483682889305,-4.67,77.953,-4.4,92.2603063015232,100.0,90.6,36.1051923691138,2.8268100806989387,-0.055468116274302794,0.2016138423069889
EGY,"Egypt, Arab Rep.",2010,3233.84521246786,5.1472348575531,-11.2651882653185,-8.757,69.078,-27.2,64.7296371459961,99.4,21.6,47.9363500745898,-2.0699497176373858,0.3477849792481403,0.6656402495193362
EGY,"Egypt, Arab Rep.",2011,3222.37650111856,1.7645719489982,-10.0649259874818,-11.849,69.232,-26.4,72.5487594604492,99.4,25.6,45.2556341623514,-1.7507242565314833,-0.5131026176396568,0.019669562433577745
EGY,"Egypt, Arab Rep.",2012,3220.99194203067,2.22619979863525,-7.11172943343082,-12.597,69.464,-25.7,73.0182495117188,99.7,26.4,40.7117692721084,-1.7046205747919057,-0.46815265730265593,-0.16254618813649654
EGY,"Egypt, Arab Rep.",2013,3216.3783902629,2.18546605362143,-9.4697198106492,-13.154,69.632,-25.1,73.8954466194364,99.9,29.4,40.373038056332,-1.5860420500186725,-0.6214630152489905,0.05584886372514918
EGY,"Egypt, Arab Rep.",2014,3235.66246235257,2.91591187985748,-10.0702154687481,-13.105,69.911,-24.5,73.3723421134374,99.8,33.8946039115275,36.9201877934272,-1.5013728991284978,-0.579065649420555,0.24353089667116734
EGY,"Egypt, Arab Rep.",2015,3306.98159414141,4.37201907790141,-10.370490343517,-13.052,70.135,-24.1,74.56237539136185,99.3,37.8193834276939,34.8459429600229,-1.4306360356974437,-0.4884748987538688,0.5031163234995487
EGY,"Egypt, Arab Rep.",2016,3381.22246306207,4.34664345555447,-13.8136062148289,-12.45,70.437,-23.7,75.7524086692863,100.0,41.2480670885772,30.2465490514505,-1.2637536358714674,-0.6076455125961815,0.8814271426495907
EGY,"Egypt, Arab Rep.",2017,3452.90961245539,4.18122099994778,-29.5066083940038,-11.767,70.709,-23.4,76.4337653082262,100.0,44.9502042452857,42.8321343581608,-1.0417447662241457,-0.9569558102149094,2.30754628188485
EGY,"Egypt, Arab Rep.",2018,3568.63966286161,5.3311086189448,-14.4014657807421,-9.855,70.974,-23.1,76.9816189396849,100.0,46.92433676792,45.9110196733959,-0.9368946893444333,-0.21320758147863259,0.9885103325128228
EGY,"Egypt, Arab Rep.",2019,3701.2446345188,5.55209307156956,-9.15279959324803,-7.851,71.213,-22.9,77.9093978841525,100.0,57.2828663990195,41.1240171551108,-0.692608442759277,-0.0004917450223934096,0.517218022379021
EGY,"Egypt, Arab Rep.",2020,3770.86947867421,3.55016483786838,-5.04493288977538,-7.974,69.79,-22.6,79.6544750074231,100.0,71.91420096,32.1262555667523,-0.5215676429180298,-0.465764859585442,-0.26856586773626057
EGY,"Egypt, Arab Rep.",2021,3837.31992324447,3.29064601202211,-5.21404940513042,-7.441,68.976,-22.2,81.8833487066739,100.0,72.05599976,29.8569734808122,-0.5178856816787352,-0.587614921940299,-0.3088965599830349
EGY,"Egypt, Arab Rep.",2022,4029.78295457978,6.58784560886967,-13.8956609775177,-6.546,71.01,-21.8,83.17910545272494,100.0,72.19806556,36.9831048772713,-0.27360518412388746,-0.23134281175610558,1.1093904271447177
EGY,"Egypt, Arab Rep.",2023,4111.3118478995,3.76028052279247,-33.8847763115546,-6.753,71.633,-21.3,84.474862198776,100.0,74.01190186,40.4504007720031,-0.009186222427260481,-1.1255412083710712,2.645592045435187
IND,India,2010,1235.15939133951,8.49758470221235,-11.9893899204244,-7.631,67.162,-46.3,64.9475936889648,76.3,7.5,49.2552064974161,-4.867804898579795,0.5166932036298734,1.054465456977941
IND,India,2011,1281.61054354933,5.24131619937695,-8.91179336483371,-7.609,67.623,-44.2,67.1251678466797,79.5,10.07,55.6238800135298,-4.345870493229516,0.2898099429944145,0.22817203651843906
IND,India,2012,1333.09626557668,5.45638755166587,-9.47899691419801,-7.645,68.076,-42.2,69.8089599609375,79.9,11.10000038,55.7937217287511,-4.100923537332078,0.27360165294868416,0.3345140010465712
IND,India,2013,1399.4537980287,6.38610640094825,-10.0178784746102,-7.678,68.499,-40.1,69.4771270751953,83.1,12.30000019,53.8441319466777,-3.8134469450300625,0.4191272168505109,0.5741257817348604
IND,India,2014,1484.31640682913,7.41022760508854,-6.66565671867899,-7.656,68.932,-38.2,74.8887023925781,85.1,13.5,48.9221857470669,-3.483945215879591,0.5070762938712322,0.4650208192220031
IND,India,2015,1583.99815907985,7.99625378571471,-4.90697344127256,-7.629,69.326,-36.3,74.6113662719727,88.0,14.89999962,41.9229138658647,-3.232886585395284,0.635099297658373,0.46293633676959933
IND,India,2016,1694.46534973825,8.25630550179086,-4.94821634062141,-7.611,69.709,-34.6,75.9372863769531,89.6,16.5,40.082485713276,-2.9783777651498884,0.6551883861870316,0.5420143595918504
IND,India,2017,1788.69770318446,6.79538341897911,-3.32817337461298,-7.626,70.068,-32.9,74.6743774414062,91.8,18.20000076,40.7424969545225,-2.6971133348257634,0.6169187093216353,0.1745556080990517
IND,India,2018,1883.35772705062,6.45385134497769,-3.9388264669163,-7.652,70.415,-31.3,76.0025787353516,95.7,20.0813000379384,43.6169693323889,-2.2994850325055456,0.5959832932506111,0.1878880466904801
IND,India,2019,1936.03067741067,3.87143694070356,-3.72950573539129,-6.51,70.746,-29.8,75.8716506958008,95.9,29.52350044,39.9054035306442,-1.9452272168850624,0.3450472533651057,-0.2232988049908184
IND,India,2020,1806.50110583878,-5.77772470686801,-6.62343677628535,-7.859,70.156,-28.3,77.6271548412386,96.5,43.40544313,37.7581053292768,-1.4068712574541364,-1.141122465604265,-1.5094849916022997
IND,India,2021,1965.30943437506,9.68959249192875,-5.13140747176369,-6.38,67.282,-27.0,80.6246396728944,99.6,49.2580986,45.4230887840446,-1.654621049148831,0.5234680385329371,0.5025931395417066
IND,India,2022,2098.2112447615,7.60936497768895,-6.69903414079852,-4.822,71.698,-25.7,81.1778608399708,99.2,55.9,50.0752701498882,-0.9192619269850837,0.6664491040157517,0.49915541821984627
IND,India,2023,2270.9051808027,9.19075493028345,-5.64914318907925,-4.172,72.003,-24.5,78.8639591218839,99.5,60.25230026,44.9928422877561,-0.8289996176862499,0.9441773456956436,0.6797536258529535
IDN,Indonesia,2010,2670.8129098953,6.22385418062366,-5.13420639015885,-5.614,68.364,-27.0,75.6519088745117,94.2,10.92,46.7012738758737,-2.3663398722141866,0.6755235322718288,0.22733368818629107
IDN,Indonesia,2011,2799.62468790318,6.16978420771008,-5.35604849112582,-5.153,68.629,-25.9,78.1330718994141,94.8,12.28,50.1800131841104,-2.1351404129635805,0.6818720645213258,0.2302900718682038
IDN,Indonesia,2012,2930.518445323,6.03005065305615,-4.2795142691943,-4.468,68.862,-24.9,80.0926818847656,96.0,14.52,49.5828982992627,-1.8959791043875311,0.7115942731214273,0.12176285015861626
IDN,Indonesia,2013,3055.24246006469,5.5572636889101,-6.41249457900391,-4.336,69.064,-23.9,81.8896974781343,96.5,14.94,48.6373726752893,-1.7275290835855797,0.5726463960726126,0.28275381399379534
IDN,Indonesia,2014,3170.72103011429,5.006668425755,-6.39492882396559,-4.049,69.292,-22.9,83.5559949258569,97.0,17.1431598350566,48.0801755855227,-1.5252918702027725,0.49404736832561263,0.20918836061812093
IDN,Indonesia,2015,3288.22269725538,4.87632230022123,-6.36312061196646,-4.514,69.52,-21.9,87.8423207929976,97.5,22.062742603379,41.9376402415294,-1.2723309558830398,0.2603249446791531,0.2236886059854127
IDN,Indonesia,2016,3416.81005170972,5.03306918280177,-3.52580452815451,-4.301,69.733,-21.0,87.8191791728036,97.6,25.447353701827,37.4213418023318,-1.1545278679990814,0.3342228522376456,0.0018896390513486068
IDN,Indonesia,2017,3553.51999262321,5.06978590134916,-3.80879857691949,-3.783,69.953,-20.1,90.9455391241064,98.1,32.335806250688,39.3554970704606,-0.8437188700239748,0.2689280424926756,0.006242993522236003
IDN,Indonesia,2018,3701.32155461912,5.17429153955024,-3.19834755924996,-4.387,70.08,-19.3,92.8120739600443,98.5,39.9046386385762,43.0743089552002,-0.5799276504013536,0.16870903538017398,-0.09601655686788722
IDN,Indonesia,2019,3850.90321738979,5.01928768046282,-3.03058460941661,-3.59,70.349,-18.5,94.9467044891028,98.9,47.6906489788375,37.6277775357108,-0.3072901319060345,0.08230199464884405,-0.10871427768810489
IDN,Indonesia,2020,3739.44906563161,-2.06551182934165,-1.91983527270793,-4.255,68.817,-17.7,96.9345779132931,97.0,53.72649449,32.9721754002427,-0.21694231537194442,-0.9896578285770162,-1.390082406262322
IDN,Indonesia,2021,3850.68877253903,3.70288562827751,-1.56007882983334,-3.827,67.452,-17.0,97.8441479813619,99.2,62.10447842,40.2047582749671,-0.15160460657710076,-0.416260821279051,-0.6950697577704399
IDN,Indonesia,2022,4024.91225288391,5.30719722664799,-4.20946463714784,-3.462,70.925,-16.3,97.8167602714893,100.0,66.48461277,45.4646701959453,0.3519532222231174,-0.025579379424630053,-0.06771785627249972
IDN,Indonesia,2023,4192.65167890692,5.04902331835997,-3.66938654859761,-3.308,71.146,-15.7,96.0002120295081,99.4,69.20836554,41.3362868707652,0.3899195757984975,-0.02506347708697845,-0.12730494062825679
MYS,Malaysia,2010,8118.92270511981,7.42484738326097,-1.62285235577035,-3.32,75.376,-6.5,77.2140274047852,99.5,56.3,157.944764886771,1.6296886569351747,1.958623712696037,-0.4360363130920725
MYS,Malaysia,2011,8400.32248683558,5.29391283414003,-3.1744709215131,-3.05,75.488,-6.5,77.5925369262695,99.5,61.0,154.937684607226,1.8089569433010653,1.6121392305533664,-0.5899985750353705
MYS,Malaysia,2012,8710.52671359902,5.47345419253853,-1.66357102479206,-3.04,75.552,-6.5,81.2371978759766,99.8,65.8,147.841754766013,1.9832332306880665,1.4699625900697486,-0.6624960247669097
MYS,Malaysia,2013,8964.80724896203,4.69372252557893,-2.10501231233612,-3.14,75.464,-6.5,80.938362121582,99.6,57.05751226,142.720991464873,1.8329743735822712,1.3824941723624526,-0.6473230062081204
MYS,Malaysia,2014,9341.73055971278,6.00672194558203,-3.14299050879095,-2.88,75.345,-6.6,83.2836303710938,99.7,63.6654258813225,138.312231176843,1.9731472029572696,1.3344530454381298,-0.3312612060535707
MYS,Malaysia,2015,9648.6797937523,5.09153242155011,-2.10438980238359,-3.1,75.288,-6.7,81.5115814208984,99.9,71.0640678111957,131.37007244526,2.077187785495472,1.14528460447921,-0.5481735108403115
MYS,Malaysia,2016,9901.47960179812,4.44978139761541,-2.09056659525742,-3.44,75.371,-6.7,79.8283920288086,99.9,78.7883099275229,126.8990100257,2.196198177965376,0.973647796049713,-0.6403360868522813
MYS,Malaysia,2017,10293.7629205362,5.81272240983328,-3.87120115774237,-3.41,75.542,-6.7,78.8863677978516,100.0,80.1404790103961,133.155173371956,2.2606747609916216,1.1251226527122191,-0.28584111865508244
MYS,Malaysia,2018,10610.1950240479,4.84308697634881,-0.884709160571235,-3.3,75.734,-6.8,74.4872817993164,100.0,81.2010486181174,130.402625502126,2.243090399603799,1.1891412568677,-0.6893396689078831
MYS,Malaysia,2019,10902.9834855856,4.41318742129586,-0.662891865764326,-3.33,75.9,-6.8,75.3229827880859,100.0,84.1871450078281,123.028562027943,2.334635908002218,1.0319321651209348,-0.7140915975908881
MYS,Malaysia,2020,10171.4657842762,-5.45684658426701,1.1387021539305,-4.54,76.057,-6.8,73.2459411621094,100.0,89.55501192,116.788182437638,2.52880838560146,-0.11434853950262676,-2.411328558852977
MYS,Malaysia,2021,10388.2667120857,3.31534954399166,-2.47710241465447,-4.64,73.917,-6.8,74.9618181140898,100.0,96.7514278,134.035994690727,2.349603095976356,0.6127187182950492,-0.9828350994154615
MYS,Malaysia,2022,11191.6511756943,9.03173723044451,-3.37869862549928,-3.93,75.444,-6.9,78.8341986282999,100.0,97.3986404,146.424604753908,2.6019854880701287,1.3338833433454185,-0.0038185511251764203
MYS,Malaysia,2023,11445.3925275079,3.5370638041057,-2.48886560125754,-3.858,76.657,-6.9,79.4472788704033,100.0,97.69272633,132.593461641599,2.849340602811979,0.6936790285768913,-0.7532103228951363
MEX,Mexico,2010,9389.06722084275,4.9713345832195,-4.15672722680174,-5.303,73.718,-17.0,87.2729263305664,99.2,31.05,59.2733845293851,0.3724631433380283,0.2985240654618252,0.31369342462607425
MEX,Mexico,2011,9575.93437788582,3.44404505794418,-3.40737824605742,-5.175,73.921,-16.6,88.3800888061523,99.0,37.1762954125184,62.1623872764498,0.610830133095739,0.10364602745553515,-0.030052637802892926
MEX,Mexico,2012,9782.51776305354,3.55321075993527,-4.11150981070289,-4.892,74.128,-16.2,90.6936187744141,99.1,39.75,64.2579318900113,0.7875758885938088,0.059548172587319405,0.047891252197282914
MEX,Mexico,2013,9738.71059803658,0.852101559410627,-3.80639069747204,-4.921,74.289,-15.8,93.2623062133789,99.1,43.46,62.6916747735807,1.0036616870349055,-0.3312391216571915,-0.39613689641869015
MEX,Mexico,2014,9862.48125444199,2.50376350288664,-4.01861608078679,-4.819,74.404,-15.4,97.3196868896484,99.2,44.3856962723411,64.0984090351215,1.1232452166479294,-0.24114139747749955,-0.12608499888492883
MEX,Mexico,2015,10021.2386118827,2.70232342550646,-2.72064064964023,-4.311,74.431,-15.0,100.982269287109,99.0,57.4310429923633,70.412974676264,1.4905310303061803,-0.30586948373141143,-0.33020159473580485
MEX,Mexico,2016,10100.5021214015,1.77249323845399,-2.8217078474766,-3.853,74.376,-14.7,102.871368408203,99.5,59.5404459967255,75.6903034088551,1.6706521407878452,-0.4029820080608999,-0.508370866219672
MEX,Mexico,2017,10193.7727193457,1.87172853327193,-6.04145724018986,-3.419,74.261,-14.4,105.11018371582,100.0,53.0317886110982,76.9521260407254,1.662006269409755,-0.4449991515309302,-0.14797674348552822
MEX,Mexico,2018,10296.8690928534,1.97208209405635,-4.89935015356551,-3.275,74.301,-14.0,105.964653015137,99.5,56.6595667981289,80.2126616568975,1.7702202598353702,-0.4203500233169949,-0.28480787804435403
MEX,Mexico,2019,10159.4448364319,-0.392690505066824,-3.63596142127046,-3.477,74.53,-13.7,105.515609741211,99.6,69.6321092705209,77.4619722571128,2.0533901213141306,-0.7623056857366883,-0.8130720145377206
MEX,Mexico,2020,9234.64362317923,-8.35403458167995,-3.39683415570006,-4.44,70.449,-13.4,102.58154296875,99.4,71.49017499,76.8545557056016,1.7153346033287886,-1.9094842080004026,-2.3085192722686236
MEX,Mexico,2021,9728.05680032556,6.0484834621255,-5.68920847683753,-4.019,69.75,-13.1,98.3202514648438,100.0,75.62650476,83.0692976357895,1.3689566789000969,-0.26995685151538795,0.0388353882525435
MEX,Mexico,2022,10013.2479236143,3.70975709163623,-7.8962761916855,-3.256,73.973,-12.8,98.3576583862305,100.0,78.63217894,88.7984855867186,1.9955796737230265,-0.22524597437646665,0.06513512209333103
MEX,Mexico,2023,10259.1766616403,3.35354140652768,-5.52796087314389,-2.765,75.069,-12.4,102.055458068848,99.7,81.18318755,73.5788616365245,2.2015551717160373,-0.323938906968156,-0.05113991279066908
PHL,Philippines,2010,2373.14312064664,7.33449996034538,-3.78983634797591,-3.605,68.883,-23.0,81.5640314318642,85.5,25.0,66.1042785137797,-2.0808982302948964,0.9307523034200359,0.02050543625462346
PHL,Philippines,2011,2416.75212064542,3.85823282795663,-4.7184170471842,-3.592,69.096,-22.7,81.5640314318642,87.2,29.0,60.7958366999075,-1.8223894647081122,0.466184663970798,-0.3785806136540925
PHL,Philippines,2012,2533.74141964959,6.89695171050985,-3.02696391124796,-3.504,69.237,-22.4,81.5640314318642,87.1,30.79999924,57.8420055133082,-1.8519474016024264,0.8319223249347107,-0.05594220287563039
PHL,Philippines,2013,2654.41506933978,6.75053130142255,-2.58268766141795,-3.497,69.283,-22.2,81.5640314318642,87.5,32.70000076,55.8247812320298,-1.778977242684935,0.7973013358729729,-0.10716230755207434
PHL,Philippines,2014,2776.92005909479,6.34798748260867,-3.59782343864211,-3.6,69.311,-22.1,81.5640314318642,89.8,34.70000076,57.4681720875945,-1.5963393122633955,0.7197443407458927,-0.07502308962049056
PHL,Philippines,2015,2909.85818010301,6.34830971672761,-0.674192536845408,-3.068,69.45,-22.1,82.0085254812081,89.1,36.90000153,59.1415921053094,-1.5385243141869542,0.8292087499599304,-0.37500521468649456
PHL,Philippines,2016,3076.3374186759,7.14945675000752,-1.25369880080982,-2.695,69.49,-22.2,82.7837574272484,92.0,39.20000076,61.7760657653871,-1.3296938928354431,0.9261320980794769,-0.20263024335830612
PHL,Philippines,2017,3247.4503878362,6.9309883258402,-2.85318772590947,-2.552,69.966,-22.3,80.9227600097656,93.0,41.59999847,68.1683697426727,-1.1791486580892385,0.9728540811470109,-0.10399618791796529
PHL,Philippines,2018,3410.93647976109,6.34148557153473,-5.30934661627707,-2.338,69.761,-22.5,79.3622469757001,94.2,44.09999847,72.1633982990273,-1.0846637217719801,0.8839399910232214,0.008019188417045015
PHL,Philippines,2019,3575.88170922922,6.11852566221303,-2.39206534422404,-2.237,69.68,-22.6,85.3821865979599,95.3,43.0266118680279,68.8418422595678,-0.9249662258023151,0.7676168583324402,-0.271983934690803
PHL,Philippines,2020,3198.66690008413,-9.51829474045297,-2.3931623931624,-2.522,70.097,-22.7,87.9419879481158,96.4,53.76490021,58.1695603022281,-0.27343258876847104,-1.2001650893380285,-2.625588211999854
PHL,Philippines,2021,3350.97587587776,5.71473313185116,-3.92718022100332,-3.398,66.675,-22.6,85.8666475631511,97.5,66.90779877,63.4846098136712,-0.7652011000246222,0.12293790559315582,-0.4209727113295137
PHL,Philippines,2022,3577.70136573244,7.58098212785563,-5.82115811213955,-2.598,69.472,-22.4,92.291271176651,94.8,75.21114422,72.4296836107599,-0.2877170905501855,0.34272820077837823,0.08011721708905166
PHL,Philippines,2023,3744.69763802928,5.51894967862863,-5.97802515541409,-2.2,69.833,-22.0,91.5493424610693,98.0,77.86699677,67.4199693173966,0.005253429552231322,0.14220107013058472,-0.15262115098027199
ZAF,South Africa,2010,5953.94506512821,3.03973288127956,-4.06749555950263,-24.683,58.886,-36.0,86.5922045596808,82.8,24.0,50.4060871625999,-3.7105055119684924,-2.825272764526184,-0.9379460008353294
ZAF,South Africa,2011,6067.12482726885,3.16855627858818,-5.0008533879502,-24.639,60.602,-34.5,88.9442291259766,83.6,33.97,54.6363504358971,-3.1717664900974216,-2.811712280995613,-0.8186634303471063
ZAF,South Africa,2012,6121.55783860713,2.39623238465745,-5.73797139141739,-24.727,61.737,-33.3,92.1625137329102,85.2,41.0,55.5826171933345,-2.700359500539351,-2.963175839758558,-0.8434200295913048
ZAF,South Africa,2013,6170.87670863373,2.48546800826588,-5.78016910069176,-24.561,62.388,-32.1,96.66285705566408,85.2,46.5,58.875027630051,-2.3586551624799457,-3.023242146101335,-0.8451276346549245
ZAF,South Africa,2014,6155.00589462516,1.41382645223793,-6.13282953059149,-24.89,63.184,-30.7,101.163200378418,85.9,49.0,59.4995740550593,-2.007281721462838,-3.2380736007764037,-0.9528567070768815
ZAF,South Africa,2015,6112.27382485974,1.32186223678229,-4.51869094892506,-25.149,64.053,-29.3,104.622812990742,85.3,51.91910172,56.7266761447156,-1.7734007904122486,-3.2838920597414742,-1.0841688628802326
ZAF,South Africa,2016,6095.295060428,0.664552307858116,-6.60290842394872,-26.536,64.749,-28.0,103.855987548828,83.9,54.0,55.8612575048782,-1.6950355930661092,-3.4885900914909422,-0.9661309637823923
ZAF,South Africa,2017,6125.6920507497,1.15794695181735,-5.18618655524149,-27.035,65.422,-26.8,105.623168945312,84.4,56.16740036,53.5359318293741,-1.4984402017792882,-3.4545087104864214,-0.9910236547591884
ZAF,South Africa,2018,6117.2701406047,1.55678384721676,-4.50987264867388,-26.906,65.726,-25.8,101.399612936693,84.7,62.40000153,54.4855451276341,-1.39476151505129,-3.277972915813734,-1.0221629510314016
ZAF,South Africa,2019,6032.82972598668,0.25993557687633,-4.10285075461156,-28.468,66.071,-25.1,103.78912033531,85.0,69.69689941,53.8979964081406,-1.1384428350733509,-3.641841760632412,-1.2890207734026045
ZAF,South Africa,2020,5569.58483319272,-6.1689177146757,-3.23238831615113,-29.217,65.15,-24.5,103.501178102472,90.0,72.1128006,50.7596590804177,-0.833827889548031,-4.435775768524858,-2.3934851726284814
ZAF,South Africa,2021,5750.90937479584,4.85864865060148,-4.61874544887136,-34.007,62.01,-24.3,106.443303990911,89.3,74.96859741,56.1647136277546,-1.3904395653240356,-3.9629377735360833,-0.8083050479913958
ZAF,South Africa,2022,5786.86505344736,2.05813661692193,-7.03987272546482,-33.268,65.454,-24.3,104.535066506498,86.5,78.29319763,64.94713440234,-1.026368231427665,-3.970127630704577,-0.9195120857072265
ZAF,South Africa,2023,5756.55049453121,0.80610455095804,-6.0752438457966,-32.098,66.139,-24.3,104.133480684239,87.7,78.33670044,65.6798759740707,-0.8557728604034264,-3.90335196670571,-1.1667455967300255
THA,Thailand,2010,5059.35747831657,7.51339053261624,-3.24758842443723,-0.622,75.012,-11.9,78.3943786621094,99.7,22.4,127.250522638251,0.3213872876880134,2.310102629672612,0.024089230139324517
THA,Thailand,2011,5070.23740191942,0.840132083053334,-3.80879058139634,-0.66,75.302,-11.5,86.9894790649414,99.3,23.669925618731,139.675407224576,0.8090167766333781,1.418399293712364,-1.0287787338334482
THA,Thailand,2012,5403.87846036273,7.24279620249642,-3.01489950334985,-0.58,75.59,-11.1,85.5365295410156,99.1,26.46,137.67493851024,0.7172047031649489,2.1693205928411508,-0.10044565104586692
THA,Thailand,2013,5516.61164164135,2.68749556320556,-2.18488618530687,-0.249,75.96,-10.8,83.854850769043,99.4,28.94,132.462274174269,0.9042295701457771,1.7177211490623643,-0.8246975868296628
THA,Thailand,2014,5541.46599361845,0.984468863619426,-1.8951418189878,-0.576,76.279,-10.4,123.525459289551,99.5,34.8860535783465,130.905495444398,1.9687684925935622,0.42143452978518153,-1.1089566289653077
THA,Thailand,2015,5688.85335397884,3.13404724911635,0.900424963291569,-0.597,76.563,-10.1,124.330596923828,99.6,39.3161267365004,124.839662152526,2.034014485000574,0.6507078715547852,-1.0117600890005396
THA,Thailand,2016,5857.78052935926,3.43515771692182,-0.188149704448143,-0.688,76.769,-9.8,122.563217163086,99.9,47.5049656215909,120.57522728913,2.1721850422307485,0.5955605928586328,-0.8503675806139411
THA,Thailand,2017,6076.74307700082,4.1776810321001,-0.665631893135106,-0.83,76.989,-9.5,79.5062371844027,99.9,52.8919293439676,120.891427433638,1.3588033013055822,1.7475295541331062,-0.7104287329848853
THA,Thailand,2018,6314.19948412043,4.22287028746071,-1.06389754183024,-0.765,77.19,-9.2,80.6045305135668,99.8,56.8174809301456,120.841864730984,1.5067001953574297,1.6841307504304663,-0.66413964146039
THA,Thailand,2019,6434.53770518034,2.11455779628278,-0.706728601314311,-0.716,77.197,-8.9,81.7206425877734,99.9,66.6524194587528,109.689514715166,1.7332905568886066,1.2565162997688835,-0.9800079813370138
THA,Thailand,2020,6035.18627737077,-6.05003846851622,0.845937147357041,-1.099,77.331,-8.7,82.3668560969625,100.0,77.84374066,97.8007432465178,2.0749142444942166,0.18102977962597602,-2.359502830906115
THA,Thailand,2021,6121.52696529713,1.55216608426647,-1.23039541318384,-1.215,77.606,-8.4,84.6644528199547,100.0,85.26956666,117.252944620852,2.194760786283519,1.0052723564675197,-1.1663961620215297
THA,Thailand,2022,6278.7855138276,2.58037874709827,1.61068030486688,-0.94,75.291,-8.2,88.0661686868399,99.9,87.97724503,132.858712082871,2.162515516076585,1.0576248959405097,-1.5308361235066386
THA,Thailand,2023,6408.41432577294,2.01775095328327,-8.47805174421543,-0.733,76.412,-7.9,93.3356315272258,100.0,89.53525238,128.824114152375,2.4576862485167013,0.6131643836363923,-0.5348071168578655
TUR,Turkiye,2010,8472.57809050119,8.54219848467686,-8.56644420552976,-11.879,74.964,-14.5,84.2024002075195,100.0,39.82,46.9433366709891,0.3718795799563617,0.08631229963383806,1.3252674474650794
TUR,Turkiye,2011,9265.85910238578,10.9799625273598,-6.471879671151,-9.789,74.823,-13.6,87.80322265625,100.0,43.065710430925,53.651583897618,0.6294876581054181,0.4824828984768196,1.4622655842087404
TUR,Turkiye,2012,9588.32066531438,4.80762696633448,-8.89156996512163,-9.21,75.552,-12.8,85.0204315185547,100.0,45.13,53.3277612968607,0.9324101693997044,-0.13728580522917616,0.8020668474022803
TUR,Turkiye,2013,10269.4489140773,8.48825689298511,-7.49309030547693,-9.713,76.171,-12.1,102.209701538086,100.0,46.25,53.0683530043043,1.3912759199859719,-0.1847963980662932,1.2830611550312927
TUR,Turkiye,2014,10597.9801881716,4.60079447270559,-8.85457271364316,-9.901,76.452,-11.5,105.97550201416,100.0,51.0373665521645,54.30677404128,1.7612410111125794,-0.8052189984149694,0.8162966382902342
TUR,Turkiye,2015,11064.6494504662,5.80557386628684,-7.67085364845885,-10.304,76.539,-11.0,107.243186950684,100.0,53.7449791423583,51.8749252596832,1.8684805787521066,-0.7659136686079113,0.9104410537420289
TUR,Turkiye,2016,11279.6169531569,3.32366508200445,-7.7751341532833,-10.899,76.595,-10.5,108.547561645508,100.0,58.3477340145685,48.870183807987,2.072870891394663,-1.20345473274742,0.5492290557454304
TUR,Turkiye,2017,12005.6459824832,7.82585730002594,-11.1443110840764,-10.919,77.037,-10.1,112.977333068848,100.0,64.6846176835371,56.1356585158689,2.3398475810819273,-0.9261134223020991,1.5340916238532212
TUR,Turkiye,2018,12255.0082146169,3.46815306092219,-16.3324638988929,-10.956,77.454,-9.7,112.115409851074,100.0,71.0427608433809,62.8251323851165,2.6754487329245125,-1.5349000290161936,1.325852584443568
TUR,Turkiye,2019,12238.2950220128,1.30162365464503,-15.1768215720022,-13.73,77.737,-9.4,111.910400390625,100.0,73.9767022871511,62.5784589326239,2.771331669732169,-1.9891334311167148,0.8637270146560295
TUR,Turkiye,2020,12338.643833135,1.80306247087255,-12.2789574462574,-13.148,76.525,-9.1,112.527458190918,100.0,77.6695605,60.389853117297,2.7365967425189024,-1.952818630202151,0.5997978579126206
TUR,Turkiye,2021,13670.938029516,11.811094450607,-19.5964926913324,-11.969,75.722,-8.8,114.147331237793,100.0,81.40843745,69.6088976086437,2.7206406506007665,-1.0831068536988646,2.7854031653709757
TUR,Turkiye,2022,14273.5747654873,5.44122511322401,-72.3088359891207,-10.465,77.591,-8.5,116.040176391602,100.0,83.43716576,79.8982722314341,3.3623444476153925,-3.086183942069918,7.049612582423012
TUR,Turkiye,2023,14932.8851363122,5.04512369812289,-53.8594087593315,-9.388,77.156,-9.8,118.411979675293,100.0,85.96074155,65.6832084738667,3.3614055080381817,-2.7860396869580772,5.282806258673694
VNM,Viet Nam,2010,2027.58184375924,6.42324482239482,-9.20746648778413,-1.114,73.611,-16.7,89.4548341262217,97.4,30.65,113.977687539714,-0.17452081708367245,1.5291908634406022,0.29686020152746095
VNM,Viet Nam,2011,2132.90453762087,6.41316889681683,-18.6777322770707,-0.999,73.713,-16.4,89.4548341262217,99.0,35.07,125.260577940829,0.08115358063444426,1.3259410979950748,1.1361972683488963
VNM,Viet Nam,2012,2224.11404253256,5.5045447041189,-9.09470339557192,-1.027,73.762,-16.2,89.4548341262217,97.9,36.79999924,123.224116745985,0.0897408099269585,1.4600578352135558,0.05988866099637829
VNM,Viet Nam,2013,2320.08431444934,5.55351081026072,-6.59267475899192,-1.316,73.821,-16.0,89.4548341262217,98.5,38.5,130.846354866743,0.204237287367437,1.5599685089257849,-0.2394886883466416
VNM,Viet Nam,2014,2439.28655744423,6.42224312118567,-4.08455446637617,-1.256,73.886,-15.7,89.4548341262217,99.2,41.0,135.410521454361,0.3134384357425543,1.7538133417362343,-0.390965218393003
VNM,Viet Nam,2015,2577.56885340113,6.98715430598611,-0.631200905175754,-1.848,73.955,-15.5,89.4548341262217,99.3,45.0,144.914228195237,0.43837351854842355,1.9005071785055219,-0.7337453432733051
VNM,Viet Nam,2016,2715.57887431272,6.69000892660424,-2.66824816969082,-1.848,73.984,-15.2,90.1583347107672,99.2,53.0,145.409507973118,0.6306724717947043,1.7178562163972297,-0.6170227126505082
VNM,Viet Nam,2017,2868.13680013379,6.94019037359206,-3.52025688811617,-1.874,74.026,-14.9,91.0725198149335,100.0,58.1400000036297,160.98008365887,0.8851280536707516,1.77001188323802,-0.6302491095149879
VNM,Viet Nam,2018,3048.28327602145,7.46500685572751,-3.53962805942641,-1.161,74.1,-14.5,92.8377710790826,100.0,69.8479286837965,164.663936775893,1.1869815519839533,1.7673624024581065,-0.6221792625937658
VNM,Viet Nam,2019,3241.07648966529,7.35926270105006,-2.7958236745225,-1.681,74.211,-14.1,94.654621676317,99.4,68.6615802057338,164.704215031408,1.225365392601198,1.6896192202302474,-0.6978080093838575
VNM,Viet Nam,2020,3303.16949807493,2.86541320912272,-3.22093436652514,-2.103,75.383,-13.7,93.1921389514105,99.8,70.30000012,163.245862814935,1.492355498635478,1.2349959200999179,-1.2802583275607595
VNM,Viet Nam,2021,3358.21734764714,2.55372852648131,-1.83471554810444,-2.383,74.145,-13.3,92.7690209240401,100.0,74.20999985,186.675832836814,1.5846164423491307,1.2838063757573646,-1.7270548646847224
VNM,Viet Nam,2022,3617.66311465012,8.53750046755788,-3.15650749963129,-1.57,74.502,-12.9,93.4123434096522,100.0,78.58999918,183.153619147836,1.5918882472810552,1.9217713815786093,-0.644623838666751
VNM,Viet Nam,2023,3775.46375555802,5.06502391455075,-3.25289282667662,-1.645,74.588,-12.4,93.4123434096522,99.8,78.08,164.818071269894,1.6262160933847813,1.387038419447537,-1.0114006049049258
